Ciutat,Variació mensual,Variació tres messos,Variació anual,€/m2,Menos 60 m2 / Menos de 100.000 Euros,Menos 60 m2 / Entre 100.000 Euros y 250.000 Euros,Menos 60 m2 / Más de 250.000 euros,Entre 60 m2 y 120 m2 / Menos de 100.000 Euros,Entre 60 m2 y 120 m2 / Entre 100.000 Euros y 250.000 Euros,Entre 60 m2 y 120 m2 / Más de 250.000 Euros,Más de 120 m2 / Menos de 100.000 euros,Más de 120 m2 / Entre 100.000 euros y 250.000 euros,Más de 120 m2 / Más de 250.000 euros
A Coruña,0.29,1.79,4.65,2.294 ,1.505 ,3.188 ,-,1.086 ,2.044 ,3.398 ,-,1.408 ,2.604 
Ames,0.51,-0.57,-6.11,1.203 ,-,-,-,1.155 ,1.417 ,-,-,983 ,1.113 
Arteixo,-0.65,-1.33,3.11,1.141 ,-,-,-,927 ,1.368 ,-,-,862 ,1.281 
Boiro,0.99,-0.57,-2.34,1.111 ,1.301 ,-,-,1.085 ,1.404 ,-,-,846 ,-
Cambre,0.34,-4.95,-,1.195 ,-,-,-,-,1.479 ,-,-,913 ,1.113 
Carballo,1.48,6.13,-4.07,887 ,-,-,-,779 ,1.367 ,-,546 ,845 ,-
Culleredo,0.93,-2.84,3.91,1.485 ,-,-,-,-,1.741 ,-,-,-,1.259 
Ferrol,-2.66,0.35,0.69,967 ,-,-,-,748 ,1.485 ,-,542 ,967 ,1.388 
Narón,1.11,-0.60,-2.78,1.023 ,-,-,-,787 ,1.318 ,-,-,953 ,1.352 
Oleiros,-2.02,0.39,0.82,1.583 ,-,-,-,954 ,1.782 ,-,-,1.111 ,1.524 
Ribeira,2.78,9.36,9.14,1.211 ,1.380 ,-,-,1.048 ,1.487 ,-,-,895 ,-
Sada (A Coruña),-0.66,1.59,-6.75,1.341 ,1.660 ,-,-,999 ,1.632 ,-,-,1.080 ,1.260 
Santiago de Compostela,1.24,4.03,-3.45,2.001 ,2.046 ,3.069 ,-,1.122 ,1.998 ,3.016 ,-,1.086 ,1.987 
Teo,1.10,-0.27,-1.93,1.085 ,-,-,-,1.135 ,1.442 ,-,-,840 ,1.074 
Albacete,1.05,0.48,1.29,1.419 ,1.141 ,2.524 ,-,924 ,1.597 ,2.756 ,651 ,1.259 ,1.763 
Caudete,-0.32,-0.09,-,768 ,-,-,-,669 ,-,-,509 ,825 ,-
Hellín,5.45,6.72,1.54,964 ,-,-,-,808 ,1.319 ,-,563 ,938 ,-
La Roda,-,4.08,0.07,841 ,-,-,-,783 ,1.192 ,-,536 ,847 ,-
Villarrobledo,1.55,4.50,-3.81,724 ,-,-,-,718 ,-,-,503 ,650 ,-
Alacant/Alicante,0.48,2.59,5.23,1.589 ,1.489 ,2.625 ,-,878 ,1.735 ,3.009 ,672 ,1.264 ,2.074 
Albatera,-2.15,-5.85,11.12,1.044 ,-,-,-,776 ,-,-,-,990 ,-
Alcoy/Alcoi,-0.63,-1.72,-0.47,886 ,886 ,-,-,731 ,1.310 ,-,586 ,927 ,1.179 
Algorfa,0.29,0.29,-5.40,1.841 ,-,-,-,910 ,1.855 ,2.832 ,-,954 ,2.177 
Almoradí,-1.85,-2.58,1.42,838 ,-,-,-,713 ,1.251 ,-,563 ,895 ,-
Altea,1.15,2.42,7.26,2.420 ,-,2.992 ,-,1.049 ,1.937 ,3.447 ,-,1.376 ,2.614 
Aspe,0.37,0.90,-1.25,982 ,2.170 ,-,-,744 ,1.399 ,-,538 ,918 ,1.216 
Benidorm,1.30,0.98,2.55,2.299 ,1.822 ,2.700 ,-,1.273 ,2.043 ,3.458 ,-,1.495 ,2.598 
Benijófar,-0.69,0.82,-4.15,2.062 ,-,-,-,-,2.019 ,2.750 ,-,1.290 ,2.180 
Benissa,-0.23,1.93,5.62,2.636 ,-,-,-,-,2.070 ,-,-,1.197 ,2.804 
Benitachell/el Poble Nou de Benitatxell,0.01,1.40,7.66,2.435 ,-,-,-,-,1.892 ,3.753 ,-,1.509 ,2.607 
Bigastro,1.44,13.26,-10.14,1.072 ,-,-,-,658 ,1.437 ,-,-,1.081 ,-
Busot,1.27,3.72,11.52,1.530 ,-,-,-,-,1.733 ,-,-,1.346 ,1.580 
Callosa de Segura,-0.48,7.62,6.26,903 ,-,-,-,718 ,-,-,615 ,953 ,-
Calp,0.78,2.47,9.55,2.360 ,1.757 ,2.945 ,-,1.311 ,2.162 ,3.279 ,-,1.339 ,2.423 
Castalla,1.33,5.00,-1.56,994 ,-,-,-,750 ,1.476 ,-,548 ,963 ,1.428 
Catral,-1.93,-0.21,-2.80,1.104 ,-,-,-,697 ,-,-,-,1.062 ,1.713 
Crevillent,-0.69,1.14,-0.53,966 ,-,-,-,723 ,1.257 ,-,564 ,973 ,1.251 
Daya Nueva,1.91,5.33,6.52,1.727 ,-,-,-,-,2.159 ,-,-,1.151 ,-
Daya Vieja,-1.44,-1.75,1.54,1.703 ,-,-,-,-,2.033 ,-,-,1.569 ,1.703 
Dénia,0.36,-0.57,-0.21,2.095 ,1.938 ,2.686 ,-,1.037 ,1.977 ,3.275 ,-,1.332 ,2.283 
Dolores,4.99,11.09,19.55,1.327 ,-,-,-,759 ,-,-,-,1.421 ,2.013 
El Campello,1.57,0.80,0.72,1.944 ,-,2.799 ,-,985 ,1.894 ,3.071 ,-,1.207 ,2.085 
Elche/Elx,-0.80,-2.59,-0.62,1.202 ,1.394 ,2.363 ,-,784 ,1.537 ,3.208 ,630 ,1.092 ,1.521 
Elda,0.32,1.39,-0.08,810 ,-,-,-,655 ,1.277 ,-,572 ,908 ,1.139 
El Fondó de les Neus/Hondón de las Nieves,0.16,-2.81,-4.26,1.129 ,-,-,-,780 ,1.686 ,-,573 ,983 ,1.417 
El Pinós/Pinoso,0.87,0.93,-5.58,904 ,-,-,-,692 ,-,-,570 ,945 ,1.212 
Els Poblets,-0.28,0.27,-1.25,1.859 ,-,-,-,-,1.867 ,-,-,1.224 ,2.220 
El Verger,3.16,4.10,9.19,1.352 ,-,-,-,893 ,1.651 ,-,-,1.011 ,1.953 
Finestrat,2.04,2.87,7.74,2.360 ,-,-,-,-,2.124 ,3.332 ,-,1.273 ,2.640 
Formentera del Segura,3.42,0.18,20.45,1.172 ,1.064 ,-,-,841 ,1.662 ,-,-,-,1.906 
Guardamar del Segura,0.29,1.21,-2.79,1.781 ,1.416 ,2.596 ,-,1.175 ,1.845 ,3.200 ,-,1.341 ,2.383 
Ibi,0.70,5.03,-1.80,837 ,-,-,-,779 ,1.209 ,-,578 ,873 ,-
Jávea/Xàbia,0.50,-0.96,4.57,2.558 ,-,2.668 ,-,-,2.089 ,3.200 ,-,1.264 ,2.650 
L'Alfàs del Pi,-0.36,1.01,6.63,2.148 ,-,2.841 ,-,-,2.157 ,3.127 ,-,1.384 ,2.114 
La Nucia,-0.19,-1.38,-1.19,1.562 ,-,-,-,1.112 ,1.611 ,-,-,1.154 ,1.697 
La Romana,1.21,1.02,8.07,1.146 ,-,-,-,-,-,-,-,968 ,-
Los Montesinos,-2.84,2.21,13.87,1.791 ,-,-,-,928 ,2.011 ,2.529 ,-,-,1.946 
Monforte del Cid,0.43,2.50,1.14,1.037 ,-,-,-,786 ,1.430 ,-,581 ,987 ,1.459 
Monóvar/Monòver,-1.48,-5.01,0.18,867 ,-,-,-,664 ,-,-,534 ,911 ,1.330 
Mutxamel,1.78,2.89,-0.06,1.263 ,-,-,-,1.056 ,1.500 ,-,-,1.045 ,1.283 
Novelda,0.54,0.74,-6.09,844 ,-,-,-,749 ,1.267 ,-,571 ,819 ,1.331 
Ondara,3.39,6.38,5.88,1.072 ,-,-,-,807 ,1.348 ,-,-,888 ,1.477 
Orba,0.47,0.37,-1.83,1.602 ,-,-,-,-,1.764 ,-,-,1.214 ,1.872 
Orihuela,-1.04,1.32,-0.24,2.144 ,1.665 ,2.473 ,-,1.079 ,1.999 ,3.287 ,580 ,1.259 ,2.743 
Pedreguer,1.13,-2.56,1.97,1.524 ,-,-,-,911 ,1.542 ,3.316 ,562 ,984 ,1.891 
Pego,5.46,10.64,14.58,1.316 ,-,-,-,722 ,1.740 ,-,-,955 ,1.649 
Petrer,1.05,0.83,-0.15,888 ,-,-,-,697 ,1.242 ,-,562 ,914 ,1.133 
Pilar de la Horadada,0.76,4.50,2.62,2.119 ,1.723 ,2.719 ,-,1.062 ,2.106 ,3.226 ,-,1.256 ,2.492 
Polop,0.66,-3.67,10.59,2.034 ,-,-,-,1.018 ,1.984 ,3.055 ,-,1.264 ,2.086 
Rojales,0.17,1.65,3.52,2.135 ,1.388 ,-,-,908 ,2.078 ,3.051 ,-,1.248 ,2.250 
San Fulgencio,1.50,5.69,8.38,1.610 ,-,-,-,1.038 ,1.607 ,-,-,1.179 ,1.876 
San Miguel de Salinas,-0.48,-5.14,-4.79,2.131 ,1.442 ,-,-,949 ,2.108 ,3.171 ,-,1.058 ,2.433 
Santa Pola,-0.06,0.49,1.85,1.736 ,1.615 ,2.422 ,-,1.087 ,1.755 ,3.276 ,718 ,1.253 ,2.131 
Sant Joan d'Alacant,0.25,-3.29,-1.82,1.369 ,-,-,-,947 ,1.506 ,-,-,1.090 ,1.550 
San Vicente del Raspeig/Sant Vicent del Raspeig,-1.06,-1.26,-1.08,1.279 ,-,-,-,909 ,1.449 ,-,-,1.129 ,1.312 
Sax,-0.87,2.98,1.58,952 ,-,-,-,792 ,-,-,-,956 ,1.243 
Teulada,-0.05,2.21,4.61,2.844 ,-,-,-,-,1.955 ,3.676 ,-,1.196 ,3.095 
Torrevieja,-0.42,-0.03,-0.93,1.661 ,1.398 ,2.386 ,-,1.096 ,1.861 ,3.385 ,673 ,1.274 ,2.375 
Villajoyosa/La Vila Joiosa,-0.67,1.65,4.06,1.913 ,1.732 ,2.387 ,-,1.043 ,1.851 ,3.373 ,-,1.281 ,2.247 
Villena,6.30,12.73,9.81,903 ,-,-,-,724 ,1.268 ,-,610 ,891 ,1.020 
Adra,3.84,3.69,1.66,948 ,-,-,-,815 ,1.339 ,-,-,869 ,-
Albox,-4.16,-3.29,-,811 ,-,-,-,724 ,-,-,597 ,864 ,-
Almería,1.45,0.87,2.32,1.283 ,1.135 ,-,-,854 ,1.580 ,3.039 ,646 ,1.175 ,1.660 
Berja,1.04,-,-,981 ,-,-,-,857 ,1.504 ,-,-,818 ,1.170 
Cuevas del Almanzora,-1.07,-1.36,-13.10,1.153 ,1.226 ,-,-,915 ,1.653 ,-,600 ,854 ,1.834 
El Ejido,4.53,15.25,15.98,1.206 ,1.304 ,2.312 ,-,883 ,1.596 ,3.009 ,593 ,999 ,1.545 
Garrucha,1.36,3.97,6.49,1.304 ,1.285 ,-,-,1.056 ,1.515 ,-,-,1.076 ,-
Mojácar,-0.53,0.27,5.56,1.892 ,-,2.404 ,-,1.150 ,1.903 ,-,-,1.349 ,2.029 
Níjar,4.06,13.37,-0.79,1.622 ,-,-,-,-,1.928 ,-,-,1.059 ,2.201 
Pulpí,-0.73,0.67,12.29,1.744 ,-,-,-,1.247 ,1.825 ,2.868 ,-,1.374 ,1.892 
Roquetas de Mar,2.45,4.42,-1.21,1.187 ,1.287 ,-,-,928 ,1.530 ,-,638 ,1.060 ,1.570 
Vera,1.17,3.52,7.45,1.455 ,1.618 ,2.418 ,-,1.045 ,1.615 ,-,-,1.066 ,2.016 
Vícar,-1.35,-2.78,-9.05,832 ,844 ,-,-,745 ,-,-,-,844 ,-
Vitoria-Gasteiz,-1.06,-0.75,2.88,2.466 ,-,-,-,-,2.197 ,3.204 ,-,-,2.471 
Avilés,-1.07,-2.55,1.79,1.335 ,1.051 ,2.291 ,-,887 ,1.701 ,-,-,1.188 ,1.562 
Castrillón,0.26,2.67,-,1.752 ,-,-,-,1.015 ,1.918 ,-,-,1.187 ,1.814 
Cudillero,-0.15,1.90,-,1.322 ,-,-,-,808 ,1.876 ,-,-,1.030 ,1.619 
Gijón,1.29,2.30,1.13,1.750 ,1.466 ,2.650 ,-,989 ,1.864 ,3.172 ,-,1.322 ,2.094 
Langreo,2.03,3.23,-1.60,881 ,808 ,-,-,761 ,1.493 ,-,-,-,-
Llanes,1.18,2.25,-,1.654 ,1.561 ,2.455 ,-,1.106 ,1.902 ,-,-,1.003 ,1.715 
Mieres (Asturias),1.89,3.42,0.70,929 ,869 ,-,-,790 ,1.403 ,-,-,-,-
Oviedo,-0.28,-0.02,-1.27,1.584 ,1.485 ,2.582 ,-,959 ,1.761 ,3.020 ,-,1.351 ,2.104 
Parres,-1.49,-,-,1.278 ,-,-,-,862 ,1.463 ,-,-,1.023 ,1.976 
Piloña,-2.85,-2.79,-,1.090 ,-,-,-,841 ,1.449 ,-,-,880 ,1.366 
Pravia,-0.48,-2.98,-13.39,1.049 ,-,-,-,866 ,1.536 ,-,-,923 ,-
Siero,2.89,3.15,8.30,1.315 ,1.434 ,-,-,967 ,1.768 ,-,-,1.107 ,1.366 
Valdés,-1.32,-0.20,-1.57,1.231 ,-,-,-,859 ,1.653 ,-,563 ,870 ,1.663 
Villaviciosa,1.98,0.28,4.29,1.433 ,-,-,-,929 ,1.707 ,-,-,1.016 ,1.697 
Ávila,-0.98,-1.58,3.02,1.098 ,1.112 ,-,-,825 ,1.444 ,-,634 ,1.074 ,1.312 
La Adrada,1.38,-0.47,-,822 ,-,-,-,727 ,-,-,591 ,862 ,-
Badajoz,2.33,2.10,1.64,1.251 ,1.424 ,-,-,924 ,1.522 ,-,592 ,1.129 ,1.486 
Don Benito,-0.01,-,-4.33,874 ,-,-,-,820 ,-,-,573 ,914 ,-
Mérida,0.32,-1.90,-1.31,873 ,-,-,-,718 ,1.311 ,-,581 ,895 ,1.345 
Villanueva de la Serena,-2.78,-3.05,-4.92,791 ,-,-,-,783 ,1.237 ,-,486 ,816 ,-
Zafra,-,1.88,-,898 ,-,-,-,793 ,-,-,-,913 ,-
Alella,-1.78,-2.38,0.79,2.816 ,-,-,-,-,-,-,-,-,2.757 
Arenys de Mar,0.14,-0.67,7.12,2.290 ,-,-,-,-,2.338 ,-,-,-,2.120 
Argentona,-,1.60,1.05,1.892 ,-,-,-,-,-,-,-,-,1.843 
Badalona,-2.29,-3.70,-5.21,2.353 ,1.618 ,2.537 ,-,1.393 ,2.140 ,3.361 ,-,1.385 ,2.408 
Barberà del Vallès,0.75,1.45,-3.23,2.112 ,-,-,-,-,2.131 ,-,-,-,1.863 
Barcelona,0.19,0.32,-2.10,4.067 ,2.223 ,3.833 ,5.437 ,1.127 ,2.787 ,4.412 ,-,1.307 ,4.399 
Bigues i Riells,-0.47,0.02,-4.70,1.528 ,-,-,-,-,-,-,-,1.354 ,1.497 
Cabrils,-1.57,-0.13,-5.23,1.971 ,-,-,-,-,-,-,-,-,1.967 
Caldes de Montbui,-,-5.53,-4.83,1.725 ,-,-,-,-,1.968 ,-,-,-,1.599 
Calella,-1.01,-5.00,6.54,2.006 ,-,-,-,-,1.973 ,-,-,-,1.925 
Canovelles,-2.20,0.46,-,1.484 ,-,-,-,1.155 ,1.700 ,-,-,-,1.334 
Castellar del Vallès,-1.81,-2.20,-11.61,1.722 ,-,-,-,-,2.070 ,-,-,1.205 ,1.525 
Castelldefels,0.11,0.30,-2.11,3.568 ,-,4.141 ,-,-,3.037 ,3.861 ,-,-,3.420 
Cerdanyola del Vallès,-1.48,-3.97,-7.38,2.384 ,-,-,-,-,2.306 ,3.011 ,-,-,2.252 
Corbera de Llobregat,-2.27,-6.75,-7.81,1.526 ,-,-,-,-,-,-,-,-,1.454 
Cornellà de Llobregat,-1.37,-4.01,-4.64,2.501 ,-,2.437 ,-,-,2.401 ,3.266 ,-,-,2.564 
Cubelles,0.62,-0.45,0.02,2.034 ,-,2.823 ,-,-,2.052 ,2.918 ,-,1.367 ,1.914 
El Masnou,-1.70,-2.70,-5.02,2.745 ,-,-,-,-,2.487 ,3.518 ,-,-,2.624 
Esparreguera,0.51,-0.06,5.29,1.724 ,-,-,-,-,1.886 ,-,-,1.280 ,1.624 
Esplugues de Llobregat,-,-0.97,-6.04,3.241 ,-,2.821 ,-,-,2.525 ,-,-,-,4.074 
Gavà,3.90,10.51,15.50,3.504 ,-,-,-,-,2.562 ,3.845 ,-,-,3.664 
Granollers,1.94,5.24,5.91,2.161 ,-,-,-,-,2.164 ,2.675 ,-,-,2.238 
Igualada,2.37,2.31,4.20,1.327 ,-,-,-,888 ,1.671 ,-,-,1.049 ,1.432 
L'Ametlla del Vallès,-1.68,0.56,10.15,1.689 ,-,-,-,-,-,-,-,1.120 ,1.701 
L'Hospitalet de Llobregat,-0.08,3.44,2.82,2.718 ,1.951 ,2.699 ,-,-,2.436 ,3.720 ,-,-,3.062 
Lliçà d'Amunt,-3.86,-,-6.37,1.541 ,-,-,-,-,-,-,-,-,1.467 
Malgrat de Mar,1.88,0.42,-0.44,1.693 ,-,-,-,-,1.758 ,-,-,1.342 ,1.605 
Manresa,-1.75,-0.14,3.52,1.327 ,1.217 ,-,-,960 ,1.604 ,-,-,1.002 ,1.631 
Matadepera,-,-5.50,-4.85,2.040 ,-,-,-,-,-,-,-,-,2.027 
Mataró,-0.15,-4.47,-4.83,2.062 ,-,2.768 ,-,1.189 ,1.950 ,3.023 ,-,1.455 ,2.089 
Mollet del Vallès,0.85,-2.25,0.43,2.126 ,-,-,-,-,2.209 ,-,-,-,-
Montcada i Reixac,-2.01,-3.55,0.02,2.087 ,-,-,-,-,2.126 ,2.891 ,-,-,1.870 
Olesa de Montserrat,-3.13,-5.14,-1.10,1.809 ,-,-,-,-,1.889 ,-,-,-,1.542 
Olivella,-,-,-1.94,1.358 ,-,-,-,-,-,-,-,1.068 ,1.362 
Palafolls,-,-4.18,-8.96,1.543 ,-,-,-,-,1.788 ,-,-,1.225 ,1.414 
Piera,2.09,-1.48,-1.22,1.301 ,-,-,-,-,1.718 ,-,-,1.128 ,1.301 
Pineda de Mar,0.88,1.56,2.59,1.767 ,1.978 ,2.410 ,-,1.209 ,1.844 ,-,-,1.379 ,1.629 
Premià de Dalt,-0.14,-5.09,3.13,2.233 ,-,-,-,-,-,-,-,-,2.217 
Premià de Mar,1.94,2.20,1.09,2.342 ,-,-,-,-,2.280 ,2.963 ,-,-,2.093 
Ripollet,-1.35,-0.16,1.29,2.118 ,-,-,-,-,2.064 ,2.888 ,-,-,1.795 
Rubí,-3.53,-6.35,-3.20,1.909 ,-,2.586 ,-,1.294 ,2.041 ,2.941 ,-,1.374 ,1.678 
Sabadell,0.75,0.44,-2.75,2.044 ,1.600 ,2.803 ,-,1.207 ,2.029 ,3.032 ,-,1.443 ,2.019 
Santa Coloma de Gramenet,-0.50,1.38,0.51,2.113 ,1.653 ,2.528 ,-,1.366 ,2.111 ,3.044 ,-,-,2.041 
Sant Andreu de Llavaneres,-2.10,0.75,-7.91,2.482 ,-,-,-,-,2.396 ,3.075 ,-,-,2.454 
Santa Perpètua de Mogoda,2.29,6.32,2.82,2.130 ,-,-,-,-,2.230 ,-,-,-,1.927 
Santa Susanna,-,4.22,-,1.809 ,-,-,-,-,2.232 ,-,-,-,1.684 
Sant Boi de Llobregat,1.77,3.53,-0.22,2.356 ,-,2.701 ,-,-,2.291 ,3.080 ,-,-,2.036 
Sant Celoni,-0.87,1.06,9.57,1.781 ,-,-,-,-,1.958 ,-,-,1.354 ,1.642 
Sant Cugat del Vallès,-0.95,0.46,5.39,3.719 ,-,-,-,-,-,4.508 ,-,-,3.266 
Sant Feliu de Llobregat,-,2.48,-,2.785 ,-,-,-,-,2.417 ,3.335 ,-,-,2.883 
Sant Pere de Ribes,1.08,-0.18,3.23,2.109 ,-,-,-,-,1.931 ,3.378 ,-,1.373 ,2.103 
Sant Quirze del Vallès,-0.82,-3.93,-5.33,2.255 ,-,-,-,-,2.048 ,3.210 ,-,-,2.214 
Sant Vicenç de Montalt,-2.76,-,-,2.829 ,-,-,-,-,-,-,-,-,2.791 
Sentmenat,-,-4.68,-,1.536 ,-,-,-,-,1.850 ,-,-,1.259 ,1.337 
Sitges,0.86,-0.50,-1.97,3.686 ,-,4.289 ,-,-,2.957 ,4.167 ,-,-,3.369 
Terrassa,0.28,-2.42,-0.62,1.827 ,1.676 ,2.584 ,-,1.127 ,1.944 ,2.857 ,-,1.242 ,1.740 
Tona,-,-,-4.50,1.514 ,-,-,-,-,1.679 ,-,-,1.227 ,1.738 
Tordera,-0.06,1.83,3.22,1.394 ,1.816 ,-,-,1.134 ,1.611 ,-,-,1.081 ,1.432 
Vallirana,-1.97,-3.89,-7.79,1.710 ,-,-,-,-,2.150 ,-,-,1.408 ,1.505 
Vic,-2.67,2.05,-2.70,1.851 ,-,-,-,-,1.859 ,-,-,1.166 ,2.054 
Viladecans,-1.47,-1.16,1.19,2.445 ,-,-,-,-,2.329 ,2.938 ,-,-,2.239 
Vilafranca del Penedès,2.95,-3.37,2.94,1.557 ,-,-,-,1.081 ,1.621 ,-,-,1.262 ,1.700 
Vilanova del Camí,-0.92,-4.51,-,1.106 ,-,-,-,984 ,1.465 ,-,-,995 ,-
Vilanova i la Geltrú,-0.93,0.61,-0.71,2.104 ,-,-,-,-,2.110 ,2.933 ,-,1.422 ,1.994 
Vilassar de Dalt,-3.23,-0.76,-0.60,2.133 ,-,-,-,-,-,-,-,-,1.979 
Barakaldo,0.92,1.46,5.37,2.471 ,-,2.836 ,-,1.293 ,2.292 ,3.420 ,-,-,3.080 
Berango,0.59,1.63,10.36,2.970 ,-,-,-,-,2.745 ,3.673 ,-,-,2.698 
Bilbao,2.38,2.42,1.29,3.174 ,1.764 ,3.007 ,-,1.255 ,2.385 ,3.972 ,-,-,3.653 
Galdakao,-1.14,2.50,1.73,2.466 ,-,-,-,-,2.298 ,3.222 ,-,-,2.124 
Getxo,-0.68,-4.01,-3.31,3.427 ,-,3.595 ,-,-,2.836 ,3.711 ,-,-,3.403 
Leioa,0.57,1.32,5.80,3.196 ,-,-,-,-,2.732 ,3.587 ,-,-,2.908 
Mungia,-3.96,-8.05,-1.16,2.022 ,-,-,-,-,2.311 ,-,-,-,1.959 
Portugalete,0.88,3.29,3.09,2.551 ,-,2.595 ,-,-,2.370 ,3.215 ,-,-,2.752 
Santurtzi,0.61,-2.07,-5.78,2.391 ,-,-,-,-,2.234 ,3.294 ,-,-,2.484 
Sestao,0.89,1.33,-0.49,2.042 ,-,-,-,-,2.014 ,-,-,-,-
Sopelana,0.50,-1.88,-0.80,3.007 ,-,-,-,-,2.775 ,3.412 ,-,-,2.516 
Valle de Trápaga-Trapagaran,-0.18,-1.92,2.38,2.116 ,-,-,-,-,2.078 ,3.221 ,-,-,-
Aranda de Duero,0.98,-0.38,-1.56,1.134 ,1.092 ,-,-,791 ,1.571 ,-,-,1.133 ,-
Burgos,0.40,0.61,-2.88,1.675 ,1.450 ,2.667 ,-,1.027 ,1.795 ,3.071 ,-,1.287 ,1.987 
Medina de Pomar,0.39,-,-,888 ,-,-,-,786 ,-,-,-,876 ,-
Cáceres,0.25,1.11,-1.18,1.230 ,1.208 ,-,-,912 ,1.485 ,-,-,1.112 ,1.613 
Coria,-3.34,-6.82,-,927 ,-,-,-,818 ,1.348 ,-,-,936 ,-
Plasencia,9.20,14.19,14.70,1.130 ,-,-,-,833 ,1.491 ,-,-,1.037 ,-
Algeciras,0.71,0.29,-1.80,1.065 ,1.138 ,-,-,799 ,1.449 ,-,593 ,1.048 ,1.381 
Arcos de la Frontera,-0.41,0.14,4.52,891 ,822 ,-,-,754 ,1.227 ,-,578 ,915 ,1.338 
Cádiz,1.27,5.57,8.02,2.488 ,-,3.005 ,-,-,2.219 ,2.990 ,-,1.594 ,2.635 
Chiclana de la Frontera,-1.24,-0.40,4.21,1.656 ,1.480 ,2.600 ,-,927 ,1.865 ,3.312 ,598 ,1.156 ,2.033 
Chipiona,-0.15,-0.91,6.12,1.697 ,1.852 ,2.271 ,-,1.184 ,1.725 ,-,-,1.122 ,1.921 
Conil de la Frontera,0.47,1.39,5.45,2.194 ,-,-,-,-,2.072 ,-,-,1.422 ,2.264 
El Puerto de Santa María,-1.29,-2.25,14.42,1.854 ,1.593 ,2.868 ,-,967 ,1.831 ,3.016 ,-,1.281 ,2.220 
Jerez de la Frontera,-0.88,-3.20,2.06,1.180 ,982 ,-,-,852 ,1.498 ,-,606 ,1.072 ,1.457 
La Línea de la Concepción,2.04,-1.04,-5.04,1.115 ,-,-,-,856 ,1.417 ,-,-,1.065 ,-
Los Barrios,-1.89,-3.15,-5.91,1.231 ,-,-,-,-,1.432 ,-,-,1.087 ,1.244 
Puerto Real,1.32,4.87,1.50,1.299 ,-,-,-,1.020 ,1.493 ,-,-,1.150 ,1.400 
Rota,1.98,7.08,2.38,1.814 ,1.713 ,-,-,1.034 ,1.912 ,-,-,1.413 ,1.878 
San Fernando,-1.75,-1.75,2.99,1.283 ,1.312 ,-,-,998 ,1.482 ,-,-,1.123 ,1.768 
Sanlúcar de Barrameda,0.45,-0.04,6.06,1.509 ,1.409 ,2.275 ,-,1.082 ,1.646 ,-,-,1.151 ,1.690 
San Roque,-3.56,-1.46,-8.21,1.968 ,-,-,-,855 ,1.700 ,3.256 ,-,1.092 ,2.297 
Tarifa,-1.68,4.13,7.41,3.043 ,-,3.704 ,-,-,2.636 ,4.048 ,-,-,2.830 
Ubrique,-,-2.46,-0.49,967 ,-,-,-,893 ,-,-,-,913 ,-
Villamartín,8.26,9.79,-,1.216 ,-,-,-,778 ,1.767 ,-,-,888 ,-
Ampuero,-0.12,0.04,-8.65,1.007 ,902 ,-,-,853 ,1.193 ,-,-,1.117 ,-
Argoños,0.47,-1.15,-,1.066 ,-,-,-,-,-,-,-,1.000 ,-
Arnuero,0.56,-1.16,-,1.304 ,-,-,-,-,1.953 ,-,-,1.011 ,1.565 
Arredondo,-0.27,-2.45,-,840 ,-,-,-,841 ,-,-,-,-,-
Bárcena de Cicero,0.04,-0.87,-2.43,1.089 ,1.062 ,-,-,1.022 ,1.534 ,-,-,1.156 ,1.268 
Bareyo,3.08,4.14,-,1.333 ,-,-,-,-,1.844 ,-,-,933 ,1.586 
Camargo,0.21,-0.28,-8.05,1.320 ,-,-,-,1.037 ,1.597 ,-,-,1.029 ,1.319 
Castro-Urdiales,-1.05,-2.16,-4.34,1.917 ,1.610 ,2.531 ,-,1.138 ,2.092 ,2.998 ,-,1.280 ,1.758 
Colindres,-0.71,-1.90,0.13,1.308 ,-,-,-,946 ,1.515 ,-,-,-,-
Comillas,0.29,0.88,-,1.482 ,1.510 ,-,-,884 ,1.714 ,-,-,838 ,-
El Astillero,2.83,1.69,-4.26,1.324 ,-,-,-,938 ,1.573 ,-,-,943 ,-
Guriezo,-,-5.43,-,1.202 ,-,-,-,-,1.365 ,-,-,1.065 ,1.264 
Laredo,1.12,-6.90,-20.26,1.554 ,1.623 ,-,-,931 ,1.925 ,3.257 ,-,955 ,2.055 
Liendo,0.29,-4.40,-,1.126 ,-,-,-,-,-,-,-,758 ,1.515 
Limpias,-0.26,-1.99,-15.66,1.045 ,1.179 ,-,-,1.003 ,1.334 ,-,-,1.019 ,-
Los Corrales de Buelna,0.03,0.97,-,972 ,-,-,-,880 ,1.364 ,-,-,884 ,-
Marina de Cudeyo,1.02,2.61,-,1.515 ,-,-,-,-,1.735 ,-,-,1.158 ,1.502 
Meruelo,-0.76,-4.44,-,1.145 ,-,-,-,1.023 ,1.620 ,-,-,938 ,1.320 
Miengo,6.95,3.42,-4.64,1.343 ,-,-,-,1.188 ,1.638 ,-,-,876 ,1.472 
Noja,1.12,2.10,3.48,1.886 ,1.682 ,2.400 ,-,1.364 ,2.051 ,-,-,1.016 ,1.798 
Piélagos,-0.47,1.41,-6.97,1.299 ,1.379 ,-,-,1.072 ,1.568 ,-,-,1.047 ,1.436 
Ramales de la Victoria,0.11,-0.54,-8.84,958 ,1.062 ,-,-,932 ,1.500 ,-,-,640 ,-
Rasines,-0.29,-2.46,-,1.000 ,-,-,-,-,1.192 ,-,744 ,1.071 ,-
Ribamontán al Mar,1.94,2.63,1.99,1.950 ,-,2.699 ,-,-,2.100 ,-,-,1.032 ,1.806 
Santa Cruz de Bezana,2.38,3.00,-17.61,1.435 ,-,-,-,-,1.826 ,-,-,828 ,1.511 
Santa María de Cayón,-1.83,2.92,-2.95,1.155 ,-,-,-,993 ,1.493 ,-,-,976 ,-
Santander,0.65,1.56,-3.74,1.983 ,1.536 ,2.644 ,-,1.164 ,1.871 ,3.178 ,-,1.064 ,2.686 
Santoña,-3.84,-,-,1.581 ,-,-,-,1.000 ,1.687 ,-,-,-,-
Suances,7.60,14.27,-,1.538 ,1.813 ,2.382 ,-,1.035 ,1.733 ,-,-,907 ,1.717 
Torrelavega,0.11,17.63,13.65,1.262 ,1.219 ,-,-,877 ,1.716 ,-,-,1.053 ,1.468 
Voto,-0.22,-1.77,-9.68,956 ,1.106 ,-,-,944 ,1.246 ,-,-,908 ,1.119 
Alcalà de Xivert,12.14,20.19,30.99,1.659 ,1.583 ,-,-,1.079 ,1.918 ,-,-,1.126 ,2.052 
Almazora/Almassora,0.02,1.97,-2.94,888 ,-,-,-,771 ,1.232 ,-,607 ,914 ,1.580 
Almenara,0.67,0.21,-14.00,883 ,-,-,-,735 ,1.493 ,-,563 ,782 ,-
Benicarló,0.02,-2.38,1.32,1.151 ,1.278 ,-,-,862 ,1.488 ,-,572 ,1.022 ,1.563 
Benicasim/Benicàssim,-1.48,-2.75,-2.45,1.867 ,-,-,-,1.091 ,1.891 ,3.471 ,-,1.239 ,1.847 
Borriana/Burriana,0.66,1.49,2.37,879 ,-,-,-,676 ,1.208 ,-,571 ,936 ,1.780 
Castellón de la Plana/Castelló de la Plana,1.23,4.65,-2.28,1.193 ,1.182 ,-,-,795 ,1.512 ,-,603 ,1.092 ,1.668 
La Vall d'Uixó,-1.61,2.98,12.35,830 ,-,-,-,725 ,1.224 ,-,554 ,882 ,-
Moncofa,1.75,3.16,-8.00,1.157 ,1.343 ,-,-,987 ,1.547 ,-,-,964 ,-
Nules,1.46,0.09,-3.97,828 ,-,-,-,745 ,-,-,554 ,843 ,-
Onda,-0.17,4.93,4.82,835 ,-,-,-,722 ,1.207 ,-,-,847 ,1.052 
Oropesa del Mar/Orpesa,0.71,2.80,1.77,1.479 ,1.453 ,2.306 ,-,1.131 ,1.743 ,-,-,1.068 ,1.730 
Peníscola/Peñíscola,-1.77,1.36,-2.53,1.748 ,1.657 ,2.614 ,-,1.145 ,1.802 ,3.422 ,-,1.151 ,1.922 
Vila-real,-2.47,-2.19,-2.15,878 ,-,-,-,711 ,1.211 ,-,558 ,906 ,1.492 
Vinaròs,0.33,3.24,8.31,1.314 ,1.459 ,-,-,888 ,1.607 ,-,-,1.091 ,1.617 
Alcázar de San Juan,-1.19,-4.42,3.72,855 ,-,-,-,807 ,1.235 ,-,574 ,854 ,-
Almagro,0.92,0.82,-,770 ,-,-,-,756 ,-,-,557 ,764 ,-
Ciudad Real,-0.97,1.26,1.95,1.203 ,1.338 ,-,-,943 ,1.485 ,-,694 ,1.026 ,1.469 
Miguelturra,-1.55,-4.08,-,990 ,-,-,-,854 ,-,-,-,869 ,-
Puertollano,0.30,-0.03,-3.44,734 ,-,-,-,703 ,1.204 ,-,556 ,804 ,-
Tomelloso,-0.50,-3.23,4.52,791 ,-,-,-,767 ,1.239 ,-,532 ,721 ,1.141 
Valdepeñas,-0.42,2.70,-9.62,780 ,-,-,-,771 ,-,-,548 ,749 ,-
Baena,3.78,3.99,-3.79,839 ,-,-,-,784 ,1.299 ,-,550 ,866 ,-
Córdoba,-0.55,-0.31,0.38,1.457 ,1.244 ,2.445 ,-,1.061 ,1.616 ,2.722 ,610 ,1.237 ,1.677 
La Carlota,-0.35,-,-,1.050 ,-,-,-,822 ,1.257 ,-,-,955 ,1.496 
Lucena,1.20,0.10,-5.22,882 ,936 ,-,-,807 ,1.269 ,-,609 ,843 ,1.227 
Cuenca,-2.20,-0.30,0.81,1.189 ,-,-,-,863 ,1.477 ,-,-,1.214 ,1.266 
Tarancón,-,-9.18,14.53,841 ,-,-,-,797 ,-,-,-,838 ,-
Donostia/San Sebastián,0.13,-1.73,0.41,4.194 ,-,3.443 ,-,-,2.767 ,4.851 ,-,-,3.827 
Eibar,-1.74,-1.44,-1.72,2.014 ,1.633 ,2.704 ,-,1.232 ,2.126 ,-,-,-,-
Errenteria,-,-,0.15,2.637 ,-,2.834 ,-,-,2.425 ,3.523 ,-,-,-
Irun,0.22,-1.62,3.02,2.601 ,-,2.991 ,-,-,2.369 ,3.390 ,-,-,2.320 
Begur,1.03,-3.97,3.33,2.945 ,-,-,-,-,-,4.104 ,-,-,2.741 
Blanes,-0.61,-0.92,-1.43,1.937 ,1.818 ,2.281 ,-,1.152 ,1.794 ,3.355 ,-,1.284 ,2.478 
Caldes de Malavella,-2.44,-4.35,4.64,1.730 ,-,-,-,-,1.865 ,-,-,1.370 ,1.759 
Calonge,-0.19,2.93,-0.84,2.608 ,2.119 ,3.161 ,-,-,2.212 ,4.209 ,-,1.476 ,2.288 
Castelló d'Empúries,-0.45,-0.97,-3.02,2.678 ,2.101 ,2.821 ,-,-,2.251 ,3.824 ,-,1.203 ,3.065 
Castell-Platja d'Aro,-3.54,-2.56,2.03,3.074 ,2.836 ,3.492 ,-,-,2.610 ,3.764 ,-,-,2.789 
Figueres,0.17,-2.31,3.37,1.427 ,1.376 ,-,-,972 ,1.603 ,-,-,1.213 ,1.629 
Girona,1.00,0.70,-2.06,2.288 ,-,3.142 ,-,986 ,1.972 ,3.145 ,-,1.489 ,2.496 
L'Escala,-0.19,-0.69,-6.92,2.414 ,-,2.807 ,-,-,2.353 ,3.106 ,-,1.523 ,2.201 
Llançà,-0.64,0.72,8.79,2.111 ,-,2.763 ,-,-,2.041 ,-,-,1.147 ,2.124 
Lloret de Mar,-0.62,-3.35,-2.78,2.085 ,1.929 ,2.706 ,-,1.218 ,1.999 ,3.266 ,-,1.282 ,2.258 
Maçanet de la Selva,-0.20,0.60,-0.78,1.352 ,-,-,-,1.151 ,1.789 ,-,-,1.059 ,1.544 
Palafrugell,-1.58,-0.92,3.80,2.244 ,-,-,-,1.091 ,1.822 ,3.744 ,-,1.310 ,2.789 
Palamós,0.85,0.49,-2.73,2.451 ,-,2.951 ,-,-,2.181 ,3.277 ,-,-,2.371 
Roses,-0.32,-1.22,0.38,2.605 ,2.332 ,2.889 ,-,-,2.202 ,3.703 ,-,1.496 ,2.727 
Salt,-3.27,-7.22,2.00,1.188 ,-,-,-,909 ,1.463 ,-,-,1.125 ,-
Santa Cristina d'Aro,1.19,5.19,-4.29,2.048 ,-,-,-,-,1.981 ,-,-,1.315 ,2.073 
Sant Feliu de Guíxols,-1.84,2.08,0.17,2.396 ,-,2.930 ,-,1.184 ,2.077 ,3.676 ,-,1.346 ,2.496 
Torroella de Montgrí,-1.53,0.32,6.73,2.211 ,2.086 ,2.644 ,-,-,2.133 ,-,-,-,2.270 
Tossa de Mar,-1.09,-4.30,-2.29,2.653 ,-,2.895 ,-,-,2.204 ,-,-,-,2.819 
Vidreres,-0.93,-1.03,-5.30,1.409 ,-,-,-,-,1.825 ,-,-,1.159 ,1.516 
Albolote,-2.30,-0.48,5.11,1.216 ,-,-,-,1.002 ,1.586 ,-,-,1.037 ,1.391 
Alhendín,-0.20,-6.40,13.62,1.091 ,-,-,-,1.038 ,1.315 ,-,-,869 ,1.259 
Almuñécar,1.25,-0.66,1.55,1.961 ,1.601 ,2.732 ,-,1.192 ,1.935 ,2.773 ,-,1.348 ,2.322 
Armilla,0.10,2.55,12.73,1.295 ,1.383 ,2.177 ,-,1.106 ,1.526 ,2.501 ,-,1.012 ,1.426 
Atarfe,-0.59,-0.72,9.46,909 ,-,-,-,856 ,1.456 ,-,571 ,793 ,1.252 
Cájar,5.23,2.85,8.24,1.110 ,-,-,-,908 ,1.353 ,-,-,863 ,1.342 
Cenes de la Vega,-4.63,-9.21,-0.27,1.030 ,-,-,-,963 ,1.304 ,-,428 ,980 ,1.325 
Churriana de la Vega,1.19,0.03,3.93,1.081 ,1.443 ,-,-,1.008 ,1.325 ,-,-,935 ,-
Cúllar Vega,1.36,-4.04,6.01,954 ,-,-,-,911 ,-,-,-,887 ,1.151 
Dílar,6.25,-2.64,-,1.197 ,-,-,-,-,-,-,-,1.034 ,1.367 
Gójar,1.34,2.32,7.81,1.012 ,-,-,-,828 ,-,-,-,831 ,1.208 
Granada,0.13,0.59,2.81,1.961 ,1.438 ,2.753 ,-,928 ,1.884 ,2.852 ,-,1.399 ,2.151 
Gualchos,0.10,7.68,-0.36,1.464 ,1.555 ,-,-,1.169 ,1.816 ,-,-,951 ,-
Güejar Sierra,-1.01,-,-,962 ,1.059 ,-,-,847 ,-,-,-,-,-
Huétor Vega,0.78,-1.64,3.99,1.179 ,1.349 ,-,-,957 ,1.266 ,-,-,970 ,1.370 
Las Gabias,0.69,0.57,3.72,949 ,1.189 ,-,-,953 ,1.265 ,-,606 ,794 ,994 
La Zubia,-2.82,-5.45,-0.71,1.112 ,1.113 ,-,-,1.018 ,1.446 ,-,-,913 ,1.259 
Loja,0.70,-5.33,-,767 ,-,-,-,726 ,-,-,546 ,805 ,-
Maracena,-0.79,-1.60,0.55,1.077 ,-,-,-,979 ,1.373 ,-,-,910 ,-
Monachil,-5.04,-5.28,3.00,1.294 ,1.683 ,2.768 ,-,1.048 ,1.552 ,-,-,848 ,1.349 
Motril,-1.19,-1.18,10.03,1.359 ,1.513 ,-,-,970 ,1.597 ,-,590 ,1.025 ,1.819 
Ogíjares,0.25,2.69,4.45,1.152 ,-,-,-,1.011 ,1.379 ,-,-,1.058 ,1.273 
Padul,-0.49,-4.73,-12.39,798 ,-,-,-,781 ,-,-,532 ,765 ,-
Peligros,-0.10,0.36,-2.90,982 ,-,-,-,940 ,-,-,-,945 ,1.004 
Salobreña,1.61,-2.95,4.94,1.542 ,1.500 ,-,-,954 ,1.620 ,-,-,1.088 ,2.193 
Santa Fe,2.82,8.95,15.84,894 ,-,-,-,836 ,-,-,539 ,884 ,1.331 
Vegas del Genil,0.05,-1.92,-4.66,766 ,-,-,-,880 ,-,-,-,745 ,-
Villa de Otura,2.35,5.84,-1.77,1.114 ,-,-,-,-,1.534 ,-,-,1.098 ,1.105 
Alovera,-,-,-0.32,1.137 ,-,-,-,-,1.464 ,-,-,1.084 ,-
Azuqueca de Henares,0.28,4.42,-2.65,1.330 ,-,-,-,1.117 ,1.471 ,-,-,1.160 ,-
El Casar,-0.87,-0.92,4.65,1.196 ,-,-,-,-,1.546 ,-,-,1.004 ,1.260 
Guadalajara,4.28,-2.22,-2.46,1.391 ,-,-,-,1.036 ,1.546 ,-,-,1.274 ,1.433 
Aljaraque,1.24,-0.14,1.74,1.261 ,-,-,-,990 ,1.351 ,-,-,1.127 ,1.488 
Ayamonte,9.71,18.31,29.66,1.642 ,-,-,-,983 ,1.934 ,-,-,1.173 ,2.158 
Cartaya,6.66,10.92,16.94,1.602 ,-,-,-,952 ,1.803 ,-,-,1.191 ,1.754 
Huelva,0.68,-0.93,5.70,1.164 ,1.134 ,-,-,873 ,1.447 ,-,-,1.212 ,1.749 
Isla Cristina,1.99,-0.26,-4.42,1.442 ,-,-,-,1.085 ,1.644 ,-,-,966 ,-
Lepe,5.81,1.84,-4.79,1.481 ,-,-,-,949 ,1.705 ,-,-,1.066 ,-
Punta Umbría,-0.14,0.97,3.24,1.530 ,-,-,-,1.237 ,1.575 ,-,-,1.132 ,1.714 
Valverde del Camino,-3.11,-4.93,10.71,1.011 ,-,-,-,820 ,1.353 ,-,-,897 ,-
Jaca,1.51,-3.97,8.48,1.783 ,1.710 ,-,-,-,2.000 ,-,-,1.232 ,1.588 
Alaior,-0.67,-,10.07,2.130 ,-,-,-,-,2.047 ,-,-,1.116 ,2.340 
Alcúdia,0.22,-5.53,-1.42,2.784 ,-,-,-,-,2.215 ,3.584 ,-,-,3.100 
Andratx,3.61,0.85,5.89,2.944 ,-,-,-,-,2.257 ,3.967 ,-,-,3.060 
Calvià,0.29,0.05,5.34,3.769 ,-,3.811 ,-,-,2.774 ,4.278 ,-,-,3.775 
Campos,-2.92,-2.34,17.20,2.449 ,-,-,-,-,1.818 ,3.759 ,-,-,2.440 
Ciutadella de Menorca,-0.15,1.89,1.60,2.322 ,2.100 ,2.858 ,-,-,2.189 ,3.472 ,-,1.327 ,2.286 
Eivissa,-0.55,0.05,-4.61,4.541 ,-,-,-,-,-,4.615 ,-,-,4.348 
Es Castell,3.62,-,-,2.245 ,-,-,-,-,2.008 ,-,-,-,2.343 
Es Mercadal,0.03,-1.59,-,2.360 ,-,2.666 ,-,-,2.140 ,3.619 ,-,1.268 ,2.397 
Inca,-0.62,0.87,7.17,1.684 ,-,-,-,-,1.802 ,-,-,1.220 ,1.882 
Llucmajor,1.48,0.58,1.35,2.443 ,-,2.977 ,-,-,2.160 ,3.197 ,-,1.337 ,2.557 
Manacor,0.33,-2.38,-1.46,1.598 ,-,-,-,977 ,1.823 ,-,-,1.092 ,1.982 
Maó,1.91,0.28,-0.63,2.133 ,-,-,-,-,1.882 ,3.462 ,-,1.310 ,2.270 
Marratxí,-0.92,-0.68,4.88,2.291 ,-,-,-,-,2.399 ,2.927 ,-,-,2.246 
Palma de Mallorca,0.11,-1.28,4.33,2.882 ,2.512 ,3.593 ,-,1.111 ,2.293 ,3.695 ,-,1.588 ,2.990 
Pollença,-2.36,0.89,1.85,3.375 ,-,-,-,-,2.473 ,4.037 ,-,-,3.505 
Santa Eulalia del Río,-0.44,-1.37,0.16,4.334 ,-,-,-,-,-,4.694 ,-,-,4.240 
Santa Margalida,0.30,-,-,2.226 ,-,-,-,-,1.987 ,-,-,-,2.356 
Sant Josep de sa Talaia,-0.84,0.99,0.28,4.468 ,-,-,-,-,-,4.518 ,-,-,4.501 
Sant Lluís,-1.96,-4.43,-,2.826 ,-,-,-,-,2.429 ,-,-,-,2.751 
Sa Pobla,-,-,8.21,1.609 ,-,-,-,-,1.682 ,-,-,874 ,2.165 
Jaén,1.29,3.12,-0.14,1.214 ,1.131 ,-,-,905 ,1.473 ,-,-,1.132 ,1.415 
Linares,-1.36,1.84,8.09,879 ,-,-,-,750 ,1.347 ,-,605 ,866 ,1.009 
Úbeda,1.00,0.10,-2.99,957 ,-,-,-,796 ,1.249 ,-,-,894 ,1.207 
Ezcaray,0.68,-3.49,-,1.393 ,1.545 ,-,-,1.143 ,1.604 ,-,-,-,-
Haro,1.72,3.61,3.16,1.172 ,968 ,-,-,860 ,1.558 ,-,-,1.031 ,1.359 
Lardero,-0.91,-3.25,-4.01,1.438 ,-,-,-,-,1.529 ,-,-,1.181 ,1.476 
Logroño,1.84,1.86,-0.23,1.653 ,1.403 ,-,-,971 ,1.769 ,2.848 ,-,1.305 ,1.912 
Santo Domingo de la Calzada,1.44,-0.76,-4.49,1.053 ,-,-,-,793 ,1.446 ,-,569 ,972 ,1.084 
Villamediana de Iregua,1.47,0.11,-1.76,1.187 ,-,-,-,1.080 ,1.358 ,-,-,1.026 ,-
Agüimes,-0.19,-0.61,-3.20,1.385 ,-,-,-,-,1.670 ,-,-,1.072 ,1.402 
Antigua,-,-1.83,-1.64,1.692 ,1.915 ,-,-,-,-,-,-,1.188 ,1.729 
Arrecife,-0.06,-2.05,-8.46,1.480 ,-,-,-,1.209 ,1.598 ,-,-,1.136 ,-
Arucas,1.18,-0.24,3.06,1.305 ,-,-,-,998 ,1.634 ,-,-,1.020 ,1.383 
Ingenio,4.45,8.63,7.45,1.144 ,-,-,-,996 ,1.309 ,-,-,1.054 ,-
La Oliva,-1.05,-1.98,-3.82,2.009 ,1.888 ,2.507 ,-,-,1.931 ,-,-,1.343 ,2.038 
Las Palmas de Gran Canaria,0.43,2.13,4.61,2.047 ,1.698 ,3.473 ,-,989 ,1.930 ,3.316 ,-,1.114 ,2.186 
Mogán,1.37,2.03,3.01,3.252 ,-,3.481 ,-,-,2.458 ,3.935 ,-,-,2.829 
Puerto del Rosario,-0.12,-0.29,-0.25,1.309 ,-,-,-,1.196 ,1.425 ,-,-,-,-
San Bartolomé de Tirajana,0.01,0.32,1.70,3.106 ,2.369 ,3.410 ,-,-,2.478 ,4.003 ,-,-,2.882 
Santa Brígida,0.70,-3.48,0.01,1.562 ,-,-,-,-,-,-,-,1.136 ,1.696 
Santa Lucía de Tirajana,-1.10,-1.44,-0.23,1.240 ,-,-,-,1.057 ,1.430 ,-,-,1.009 ,1.356 
Teguise,-3.06,-2.98,-3.55,2.068 ,-,-,-,-,2.048 ,-,-,-,1.874 
Telde,2.33,2.77,-4.12,1.318 ,1.469 ,-,-,1.000 ,1.535 ,-,-,967 ,1.658 
Yaiza,-1.93,-3.42,0.78,2.429 ,-,-,-,-,2.056 ,3.339 ,-,-,2.386 
León,1.28,-2.16,-3.18,1.468 ,1.339 ,2.417 ,-,881 ,1.665 ,2.999 ,-,1.222 ,1.878 
Ponferrada,-0.08,6.13,1.35,961 ,1.134 ,-,-,767 ,1.444 ,-,542 ,892 ,1.284 
San Andrés del Rabanedo,0.09,6.46,-2.05,1.151 ,1.418 ,-,-,906 ,1.457 ,-,-,942 ,1.187 
Sariegos,-,0.00,-,1.018 ,-,-,-,-,-,-,-,895 ,1.117 
Valverde de la Virgen,5.57,9.51,-,1.013 ,-,-,-,961 ,1.177 ,-,-,815 ,-
Villaquilambre,0.20,4.17,-2.96,1.215 ,1.345 ,-,-,1.032 ,1.477 ,-,-,1.000 ,1.234 
Alpicat,-,0.65,-,1.083 ,-,-,-,-,-,-,-,973 ,1.163 
Lleida,0.96,3.13,4.94,1.210 ,1.280 ,-,-,888 ,1.535 ,-,644 ,1.153 ,1.557 
Naut Aran,-1.46,0.83,-,3.891 ,-,-,-,-,-,4.248 ,-,-,3.664 
Vielha e Mijaran,-2.10,6.50,-1.93,2.331 ,-,-,-,-,2.110 ,3.006 ,-,-,2.373 
Barreiros,-0.53,-2.65,-,1.087 ,-,-,-,1.042 ,-,-,-,-,-
Foz,-1.13,-4.67,-,1.020 ,-,-,-,936 ,1.560 ,-,-,-,-
Lugo,-0.87,-1.62,-4.86,1.314 ,1.365 ,2.559 ,-,880 ,1.613 ,-,591 ,1.121 ,1.498 
Viveiro,2.24,1.88,-,1.070 ,-,-,-,991 ,-,-,-,-,-
Alcalá de Henares,1.09,1.60,0.64,1.836 ,-,2.834 ,-,1.187 ,1.855 ,2.652 ,-,1.632 ,1.909 
Alcobendas,0.06,-7.11,-20.44,2.956 ,-,-,-,-,2.252 ,-,-,851 ,3.626 
Alcorcón,2.12,1.47,2.23,2.145 ,-,2.393 ,-,-,2.048 ,2.925 ,-,-,2.096 
Alpedrete,0.38,-4.50,-2.45,1.687 ,-,-,-,-,1.880 ,-,-,-,1.549 
Aranjuez,-1.06,-2.19,-2.30,1.380 ,-,-,-,1.089 ,1.588 ,-,-,1.177 ,1.465 
Arganda del Rey,0.66,-1.03,-0.14,1.531 ,-,-,-,1.181 ,1.642 ,-,-,1.297 ,1.537 
Arroyomolinos (Madrid),2.10,1.75,0.90,1.540 ,-,-,-,-,2.203 ,-,-,-,1.414 
Boadilla del Monte,3.92,4.25,-11.91,2.056 ,-,-,-,-,-,-,-,796 ,2.249 
Ciempozuelos,-0.97,3.20,0.22,1.317 ,-,-,-,1.065 ,1.468 ,-,-,1.168 ,-
Collado Villalba,1.56,0.75,0.88,1.659 ,-,-,-,-,1.803 ,-,-,1.202 ,1.476 
Colmenar Viejo,1.32,2.05,7.47,1.752 ,-,-,-,-,1.830 ,-,-,-,1.634 
Coslada,-2.04,-2.84,-1.82,2.005 ,-,-,-,-,1.973 ,-,-,-,1.971 
El Escorial,0.16,2.54,-5.31,1.608 ,-,-,-,-,1.813 ,-,-,1.469 ,1.528 
Fuenlabrada,-1.46,1.30,2.37,1.767 ,-,-,-,-,1.775 ,-,-,1.631 ,1.518 
Galapagar,-0.01,-1.32,-12.94,1.415 ,-,-,-,-,1.661 ,-,-,1.030 ,1.550 
Getafe,2.03,2.48,0.52,1.973 ,1.879 ,2.382 ,-,-,1.890 ,3.121 ,-,-,1.825 
Guadarrama,1.14,4.56,1.25,1.620 ,-,-,-,-,1.841 ,-,-,-,1.537 
Humanes de Madrid,1.18,-0.57,1.05,1.616 ,-,-,-,-,1.749 ,-,-,1.409 ,-
Las Rozas de Madrid,1.15,-0.76,-10.95,2.236 ,-,-,-,-,2.750 ,3.601 ,-,789 ,2.158 
Leganés,1.20,2.48,5.29,2.070 ,-,2.662 ,-,-,1.978 ,2.849 ,-,-,1.969 
Madrid,0.45,1.33,-4.44,3.451 ,1.949 ,3.620 ,5.695 ,1.277 ,2.163 ,4.306 ,-,1.161 ,4.078 
Majadahonda,0.73,-3.26,-20.00,2.523 ,-,-,-,-,-,3.687 ,-,768 ,2.979 
Moralzarzal,1.17,2.23,-,1.540 ,-,-,-,-,1.773 ,-,-,835 ,1.616 
Móstoles,0.10,0.39,-0.21,1.751 ,-,-,-,-,1.834 ,-,-,1.504 ,1.491 
Navalcarnero,2.63,3.06,8.99,1.544 ,-,-,-,-,1.794 ,-,-,1.294 ,1.346 
Parla,-0.54,-1.78,-1.46,1.475 ,-,-,-,1.205 ,1.574 ,-,-,1.410 ,1.432 
Pinto,1.00,1.81,-1.20,2.004 ,-,-,-,-,1.992 ,2.797 ,-,-,1.810 
Pozuelo de Alarcón,2.09,1.06,-22.73,2.490 ,-,-,-,-,-,-,-,775 ,2.973 
Rivas-Vaciamadrid,1.11,-0.23,3.90,1.985 ,-,-,-,-,2.010 ,-,-,-,1.861 
San Lorenzo de El Escorial,-1.08,0.43,-6.50,1.773 ,-,-,-,-,1.895 ,-,-,1.524 ,1.666 
San Martín de la Vega,-,1.05,11.32,1.262 ,-,-,-,948 ,1.601 ,-,-,1.160 ,-
San Sebastián de los Reyes,-2.65,-4.32,-7.19,2.419 ,-,-,-,-,2.373 ,3.010 ,-,-,2.310 
Torrejón de Ardoz,1.07,-1.36,-2.19,1.930 ,-,-,-,1.247 ,1.983 ,-,-,1.627 ,1.928 
Torrelodones,0.72,0.98,-16.55,1.641 ,-,-,-,-,-,-,-,775 ,1.865 
Valdemorillo,0.13,-0.85,-5.58,1.327 ,-,-,-,-,-,-,-,995 ,1.333 
Valdemoro,1.03,2.55,6.92,1.677 ,-,-,-,-,1.847 ,-,-,1.442 ,1.283 
Villalbilla,-,-,6.53,1.355 ,-,-,-,-,1.614 ,-,-,1.148 ,1.346 
Villanueva de la Cañada,7.77,13.61,-2.64,1.818 ,-,-,-,-,2.509 ,-,-,817 ,1.691 
Villanueva del Pardillo,2.89,-0.32,-,1.792 ,-,-,-,-,2.128 ,-,-,926 ,1.790 
Villaviciosa de Odón,0.03,0.67,-16.24,1.696 ,-,-,-,-,-,-,-,780 ,1.750 
Algarrobo,-1.50,-,-2.65,1.658 ,-,-,-,-,1.870 ,-,-,1.104 ,1.737 
Alhaurín de la Torre,0.38,-1.63,5.35,1.690 ,-,-,-,1.197 ,1.843 ,-,-,1.320 ,1.676 
Alhaurín el Grande,4.46,2.18,-3.68,1.504 ,-,-,-,941 ,1.668 ,-,-,1.021 ,1.844 
Antequera,-1.00,-1.98,-6.87,1.037 ,-,-,-,866 ,1.317 ,-,582 ,1.016 ,1.214 
Benahavís,-2.06,4.27,11.18,3.231 ,-,-,-,-,1.942 ,3.205 ,-,1.497 ,3.401 
Benalmádena,1.33,3.30,7.06,2.458 ,2.743 ,2.985 ,-,-,2.162 ,3.392 ,-,1.499 ,2.466 
Cártama,1.43,-4.60,0.39,1.413 ,-,-,-,1.046 ,1.605 ,-,-,1.128 ,1.647 
Casares,-3.55,1.14,12.95,2.158 ,-,-,-,-,1.874 ,3.329 ,-,1.335 ,2.491 
Coín,2.03,6.41,8.51,1.461 ,-,-,-,935 ,1.779 ,-,-,1.112 ,1.631 
Estepona,-0.23,2.08,6.53,2.428 ,2.063 ,2.877 ,-,1.218 ,1.937 ,3.464 ,-,1.453 ,2.639 
Fuengirola,-0.04,1.79,3.09,2.486 ,2.391 ,3.034 ,-,1.212 ,2.186 ,3.420 ,-,1.526 ,2.422 
Málaga,1.30,3.14,2.02,2.241 ,1.729 ,3.001 ,-,1.121 ,1.916 ,3.442 ,-,1.361 ,2.473 
Manilva,-1.08,2.04,2.56,1.804 ,1.753 ,2.519 ,-,1.250 ,1.744 ,3.080 ,-,1.328 ,2.191 
Marbella,-0.82,1.73,6.51,3.175 ,2.211 ,3.420 ,-,-,2.276 ,3.574 ,-,1.505 ,3.300 
Mijas,-1.08,0.80,2.07,2.091 ,2.021 ,2.666 ,-,1.201 ,1.885 ,3.422 ,-,1.348 ,2.265 
Nerja,0.00,0.07,-5.22,2.762 ,-,3.403 ,-,-,2.416 ,3.636 ,-,-,2.586 
Ojén,-3.07,-3.40,-,2.183 ,-,-,-,-,-,-,-,1.463 ,2.424 
Rincón de la Victoria,-0.38,0.86,0.46,1.933 ,-,-,-,-,2.081 ,3.118 ,-,1.455 ,1.791 
Ronda,1.70,7.14,8.86,1.288 ,-,-,-,858 ,1.317 ,-,-,1.142 ,1.949 
Torremolinos,0.15,0.56,4.78,2.315 ,2.119 ,2.860 ,-,1.302 ,2.117 ,3.402 ,-,1.503 ,2.333 
Torrox,0.55,5.36,-2.68,2.005 ,1.913 ,2.640 ,-,1.185 ,1.973 ,3.240 ,-,1.360 ,1.849 
Vélez-Málaga,-0.63,-0.54,-0.58,1.688 ,1.921 ,2.663 ,-,1.007 ,1.839 ,2.994 ,571 ,1.182 ,1.712 
Melilla,3.11,2.88,10.04,1.963 ,-,-,-,-,1.888 ,-,-,-,1.900 
Águilas,3.66,8.47,9.71,1.284 ,-,-,-,923 ,1.555 ,3.459 ,611 ,1.042 ,1.939 
Alcantarilla,0.65,-3.56,-6.38,801 ,-,-,-,710 ,1.163 ,-,612 ,872 ,-
Alhama de Murcia,4.48,9.79,14.26,1.161 ,1.228 ,-,-,1.028 ,1.644 ,-,-,-,-
Archena,-9.03,-16.30,-13.38,739 ,-,-,-,717 ,-,-,530 ,746 ,-
Calasparra,4.55,8.41,-,919 ,-,-,-,773 ,1.398 ,-,542 ,929 ,-
Cartagena,-1.75,-2.24,3.88,1.318 ,1.274 ,-,-,870 ,1.599 ,3.152 ,589 ,1.079 ,1.960 
Ceutí,-3.01,-6.59,-8.53,770 ,-,-,-,783 ,-,-,-,-,-
Fuente Álamo de Murcia,-0.96,-5.79,-3.03,836 ,-,-,-,773 ,-,-,-,789 ,-
Jumilla,1.19,0.12,9.26,814 ,-,-,-,728 ,-,-,533 ,877 ,-
Las Torres de Cotillas,1.87,3.15,7.66,978 ,-,-,-,745 ,-,-,-,878 ,1.288 
La Unión,4.36,4.80,2.07,918 ,-,-,-,779 ,1.274 ,-,593 ,912 ,-
Lorca,-0.40,0.59,8.29,1.127 ,1.331 ,-,-,879 ,1.370 ,-,615 ,1.051 ,1.544 
Los Alcázares,-1.88,-2.71,-0.11,1.494 ,1.345 ,-,-,1.049 ,1.717 ,2.835 ,-,1.086 ,2.324 
Mazarrón,3.34,3.44,3.58,1.339 ,1.457 ,-,-,1.023 ,1.656 ,-,663 ,1.109 ,1.834 
Molina de Segura,0.43,1.10,7.36,1.052 ,-,-,-,751 ,1.313 ,-,576 ,1.004 ,1.324 
Murcia,1.15,5.21,13.97,1.458 ,1.352 ,2.619 ,-,865 ,1.586 ,2.838 ,596 ,1.103 ,2.086 
San Javier,-2.16,-3.13,1.80,1.542 ,1.424 ,2.278 ,-,1.023 ,1.732 ,2.877 ,-,1.079 ,1.978 
San Pedro del Pinatar,-1.47,2.31,7.78,1.432 ,1.239 ,-,-,963 ,1.837 ,2.614 ,618 ,1.013 ,1.813 
Santomera,0.44,-0.02,4.32,851 ,-,-,-,812 ,1.120 ,-,611 ,848 ,1.270 
Torre-Pacheco,-2.59,-4.03,-6.47,1.023 ,-,-,-,905 ,1.451 ,-,587 ,933 ,1.695 
Totana,-,2.33,7.56,1.014 ,-,-,-,875 ,1.208 ,-,-,877 ,1.377 
Pamplona/Iruña,-1.25,-3.03,-2.49,2.286 ,-,-,-,-,2.026 ,3.140 ,-,-,2.667 
Barbadás,-1.20,-2.66,-,1.172 ,-,-,-,1.020 ,1.445 ,-,-,938 ,1.021 
O Pereiro de Aguiar,0.49,0.93,-,952 ,-,-,-,-,-,-,-,881 ,1.057 
Ourense,0.17,0.45,-1.13,1.474 ,1.430 ,2.597 ,-,874 ,1.709 ,2.968 ,570 ,1.126 ,1.879 
Palencia,-0.14,0.05,-3.11,1.410 ,1.131 ,-,-,941 ,1.645 ,-,-,1.207 ,2.022 
Baiona,-0.64,3.70,2.01,1.982 ,-,-,-,-,2.170 ,-,-,-,1.677 
Cangas,-1.56,-3.56,-6.54,1.531 ,-,-,-,-,1.839 ,-,-,1.053 ,1.412 
Gondomar,0.51,-2.08,-2.89,1.238 ,-,-,-,-,-,-,-,914 ,1.308 
Marín,-2.43,-1.15,-1.73,1.163 ,-,-,-,866 ,1.394 ,-,-,956 ,1.344 
Moaña,1.16,3.32,1.25,1.348 ,-,-,-,-,1.853 ,-,-,1.076 ,1.272 
Nigrán,5.93,2.81,-6.95,1.825 ,-,-,-,-,2.080 ,-,-,-,1.633 
Poio,0.16,5.04,-,1.443 ,-,-,-,1.183 ,1.589 ,-,-,-,1.381 
Pontevedra,2.85,5.08,-4.59,1.571 ,1.552 ,-,-,1.028 ,1.793 ,-,-,1.080 ,1.667 
Sanxenxo,-4.54,-6.81,-1.87,2.090 ,-,2.771 ,-,-,2.053 ,3.482 ,-,1.121 ,1.899 
Tomiño,-0.91,-7.45,-1.58,987 ,-,-,-,817 ,1.562 ,-,-,877 ,1.132 
Vigo,-0.05,-0.66,-3.22,1.891 ,2.058 ,2.876 ,-,1.008 ,1.938 ,3.177 ,-,1.228 ,1.886 
Vilagarcía de Arousa,2.78,4.13,1.82,1.102 ,-,-,-,939 ,1.512 ,-,556 ,838 ,1.221 
Ciudad Rodrigo,1.43,-5.37,-,875 ,-,-,-,736 ,1.215 ,-,-,962 ,-
Salamanca,0.34,1.02,3.29,1.925 ,1.580 ,2.880 ,-,1.100 ,1.884 ,3.221 ,-,1.395 ,2.420 
Santa Marta de Tormes,-1.57,1.22,2.79,1.294 ,-,-,-,1.092 ,1.510 ,-,-,-,1.185 
Villamayor,-1.72,1.03,2.60,1.247 ,-,-,-,1.152 ,1.491 ,-,-,1.003 ,1.161 
Villares de la Reina,-1.96,-0.49,-0.42,1.187 ,-,-,-,1.047 ,1.376 ,-,-,982 ,-
Adeje,-0.57,0.28,-1.59,2.745 ,-,3.369 ,-,-,2.306 ,3.871 ,-,1.373 ,2.650 
Arona,0.70,-1.61,-1.12,2.501 ,1.877 ,3.150 ,-,1.272 ,2.223 ,3.656 ,-,1.289 ,2.185 
Candelaria,-0.79,-1.07,-5.75,1.701 ,-,-,-,-,1.939 ,-,-,1.244 ,1.571 
El Rosario,-1.15,-1.75,5.37,1.688 ,-,-,-,-,1.925 ,-,-,1.141 ,1.695 
Granadilla de Abona,1.66,0.86,3.34,1.747 ,1.619 ,2.843 ,-,1.281 ,1.886 ,2.992 ,-,1.120 ,1.735 
Guía de Isora,2.91,-2.40,-1.31,2.231 ,-,-,-,-,1.961 ,-,-,1.101 ,2.518 
Icod de los Vinos,0.03,-5.71,-2.90,1.117 ,-,-,-,809 ,1.297 ,-,-,867 ,1.534 
La Orotava,-0.73,5.49,7.02,1.419 ,-,-,-,974 ,1.762 ,-,-,969 ,1.673 
Los Realejos,4.48,6.45,0.40,1.350 ,-,-,-,1.005 ,1.422 ,-,-,1.055 ,1.683 
Puerto de la Cruz,-1.43,1.74,2.09,1.929 ,2.104 ,2.681 ,-,1.132 ,1.969 ,-,-,1.127 ,1.941 
San Cristóbal de La Laguna,0.42,0.93,5.54,1.349 ,1.454 ,-,-,969 ,1.524 ,-,-,1.015 ,1.588 
San Miguel de Abona,-1.08,1.93,11.12,1.931 ,1.850 ,2.635 ,-,-,1.927 ,2.911 ,-,1.273 ,1.945 
Santa Cruz de Tenerife,0.74,0.73,7.24,1.592 ,-,2.686 ,-,931 ,1.678 ,2.998 ,-,1.116 ,1.989 
Santa Úrsula,-1.20,2.87,-0.62,1.598 ,-,-,-,1.199 ,1.410 ,-,-,-,1.889 
Santiago del Teide,-2.70,-4.44,-12.22,2.239 ,-,2.847 ,-,-,2.072 ,3.167 ,-,-,2.290 
Tacoronte,2.60,5.61,-1.25,1.434 ,-,-,-,1.084 ,1.557 ,-,-,1.094 ,1.629 
El Espinar,3.57,5.14,-,1.009 ,-,-,-,892 ,-,-,-,933 ,1.081 
Segovia,0.28,1.33,5.94,1.596 ,1.146 ,-,-,1.018 ,1.764 ,2.538 ,-,1.236 ,1.823 
Alcalá de Guadaíra,1.18,0.67,1.81,1.145 ,-,-,-,919 ,1.414 ,-,-,1.033 ,1.415 
Bollullos de la Mitación,0.32,5.30,-,1.177 ,-,-,-,-,1.414 ,-,-,1.033 ,1.234 
Bormujos,0.28,3.76,15.21,1.572 ,-,-,-,-,1.711 ,-,-,1.339 ,1.722 
Camas,2.51,4.22,14.38,1.250 ,1.472 ,-,-,921 ,1.483 ,-,-,957 ,-
Coria del Río,-0.40,-3.34,-7.38,950 ,-,-,-,876 ,1.253 ,-,-,928 ,-
Dos Hermanas,0.65,1.65,1.36,1.270 ,1.178 ,-,-,904 ,1.449 ,-,-,1.171 ,1.622 
Écija,-0.98,0.36,-1.79,975 ,-,-,-,826 ,1.480 ,-,-,874 ,-
Espartinas,1.24,-0.95,0.88,1.280 ,-,-,-,-,1.501 ,-,-,1.162 ,1.494 
Gines,-,0.78,-,1.406 ,-,-,-,-,-,-,-,1.091 ,1.626 
Guillena,1.19,-,-,997 ,-,-,-,806 ,1.397 ,-,-,966 ,-
La Rinconada,-2.22,-5.71,-,1.085 ,-,-,-,1.012 ,1.276 ,-,-,1.032 ,-
Mairena del Aljarafe,-0.94,-1.45,5.08,1.500 ,-,-,-,-,1.653 ,-,-,1.349 ,1.637 
San Juan de Aznalfarache,-1.58,-5.84,1.41,954 ,761 ,-,-,819 ,1.506 ,-,-,1.001 ,-
Sanlúcar la Mayor,-2.68,-7.10,-9.41,1.014 ,963 ,-,-,919 ,-,-,-,981 ,1.350 
Sevilla,5.12,4.93,5.56,2.172 ,1.159 ,3.380 ,-,996 ,1.944 ,3.274 ,597 ,1.184 ,2.733 
Utrera,-3.47,2.81,-1.31,1.005 ,-,-,-,912 ,1.198 ,-,-,959 ,-
Alcanar,2.95,4.29,5.13,1.428 ,1.365 ,-,-,1.057 ,1.624 ,-,-,1.212 ,1.907 
Amposta,6.36,9.14,13.37,1.018 ,1.187 ,-,-,843 ,1.471 ,-,568 ,910 ,1.383 
Calafell,-1.20,-3.28,1.39,1.757 ,1.673 ,2.379 ,-,1.267 ,1.927 ,3.038 ,-,1.205 ,1.690 
Cambrils,1.07,2.04,2.24,2.140 ,1.992 ,3.107 ,-,1.163 ,2.021 ,3.416 ,-,1.338 ,1.964 
Creixell,-0.69,2.83,9.57,1.483 ,-,-,-,1.195 ,1.712 ,-,-,1.170 ,1.719 
Cunit,0.06,-0.42,-2.41,1.550 ,1.719 ,2.184 ,-,1.242 ,1.747 ,-,-,1.276 ,1.429 
Deltebre,1.21,2.93,24.98,1.442 ,-,-,-,792 ,2.040 ,-,-,1.008 ,2.092 
El Vendrell,-1.20,6.69,15.48,1.627 ,1.676 ,2.635 ,-,1.059 ,1.774 ,3.499 ,-,1.066 ,1.702 
La Bisbal del Penedès,3.13,1.11,-5.59,984 ,-,-,-,923 ,1.472 ,-,-,872 ,-
L'Ametlla de Mar,0.73,3.70,5.18,1.697 ,1.421 ,-,-,1.083 ,1.744 ,2.953 ,-,1.308 ,1.942 
L'Ampolla,-1.83,0.79,3.85,1.793 ,1.747 ,-,-,1.216 ,1.776 ,-,-,1.354 ,2.092 
La Pobla de Montornès,-,-3.73,-,1.280 ,-,-,-,-,1.640 ,-,-,1.143 ,1.206 
Mont-roig del Camp,1.02,1.46,8.94,1.692 ,1.590 ,2.284 ,-,1.151 ,1.807 ,-,-,1.311 ,1.883 
Reus,0.66,2.85,7.35,1.247 ,1.129 ,-,-,870 ,1.515 ,-,-,1.154 ,1.586 
Roda de Berà,4.46,1.29,-2.49,1.528 ,-,-,-,-,1.773 ,-,-,1.130 ,1.613 
Salou,0.07,-1.21,1.09,2.014 ,1.889 ,2.655 ,-,1.251 ,1.916 ,3.612 ,-,1.405 ,1.920 
Sant Carles de la Ràpita,0.92,0.75,2.15,1.231 ,1.203 ,-,-,955 ,1.615 ,-,-,1.087 ,1.599 
Tarragona,0.72,-2.04,2.34,1.555 ,1.489 ,2.673 ,-,934 ,1.709 ,2.889 ,-,1.285 ,1.922 
Torredembarra,-0.83,1.55,-1.34,1.701 ,-,-,-,1.266 ,1.722 ,-,-,1.254 ,1.740 
Tortosa,1.98,3.58,22.03,1.072 ,1.052 ,-,-,800 ,1.448 ,-,578 ,1.029 ,1.598 
Vila-seca,0.29,4.42,3.77,1.683 ,1.761 ,-,-,1.080 ,1.801 ,-,-,1.296 ,-
Teruel,-2.36,-0.15,1.59,1.230 ,-,-,-,892 ,1.547 ,-,-,1.062 ,1.403 
El Viso de San Juan,-2.56,-4.82,2.64,966 ,-,-,-,947 ,1.378 ,-,-,879 ,-
Illescas,-1.08,-2.90,-7.98,1.104 ,-,-,-,893 ,1.347 ,-,-,1.002 ,1.183 
Seseña,-1.30,-0.46,-5.48,1.110 ,-,-,-,-,1.381 ,-,-,917 ,1.115 
Talavera de la Reina,0.98,7.20,2.45,859 ,841 ,-,-,735 ,1.216 ,-,627 ,988 ,-
Toledo,1.12,1.00,-1.91,1.430 ,-,-,-,939 ,1.617 ,-,-,1.056 ,1.661 
Yuncos,-3.04,-6.54,1.20,997 ,-,-,-,1.055 ,1.423 ,-,-,884 ,-
Alaquàs,0.66,1.53,3.53,1.035 ,-,-,-,830 ,1.375 ,-,-,1.061 ,-
Albal,1.74,2.79,1.85,1.098 ,-,-,-,864 ,1.301 ,-,-,1.055 ,1.259 
Alberic,7.18,18.31,25.05,963 ,-,-,-,776 ,-,-,-,957 ,970 
Alboraya,-2.75,-6.66,-1.54,2.107 ,-,-,-,-,1.850 ,3.473 ,-,1.314 ,2.065 
Aldaia,-0.83,-0.29,-3.96,1.067 ,-,-,-,863 ,1.426 ,-,564 ,928 ,-
Alfafar,-1.51,-2.28,-1.38,1.003 ,-,-,-,798 ,1.398 ,-,-,1.028 ,-
Algemesí,1.40,2.47,4.15,817 ,-,-,-,743 ,1.184 ,-,573 ,858 ,-
Alzira,0.77,1.76,-1.08,855 ,-,-,-,719 ,1.321 ,-,567 ,866 ,1.195 
Bellreguard,-,-,9.93,1.140 ,-,-,-,874 ,1.718 ,-,-,801 ,-
Benaguasil,2.83,-3.55,-6.98,895 ,-,-,-,758 ,-,-,-,909 ,-
Benetússer,1.48,-0.73,1.50,1.039 ,-,-,-,813 ,1.379 ,-,-,992 ,-
Bétera,-1.22,-3.57,4.20,1.357 ,-,-,-,-,1.465 ,-,-,1.073 ,1.523 
Burjassot,0.09,2.50,5.69,1.172 ,-,-,-,930 ,1.428 ,-,-,1.054 ,1.411 
Canet d'En Berenguer,-1.28,1.52,3.19,1.775 ,-,-,-,1.116 ,1.898 ,-,-,1.085 ,2.013 
Carcaixent,-2.59,-6.92,5.56,802 ,-,-,-,651 ,1.240 ,-,549 ,755 ,1.273 
Catarroja,2.37,3.50,11.45,1.071 ,-,-,-,761 ,1.431 ,-,658 ,1.004 ,1.436 
Chiva,2.06,-0.14,3.82,1.140 ,-,-,-,850 ,1.390 ,-,-,931 ,1.285 
Cullera,-0.93,-1.10,-0.30,1.553 ,1.473 ,2.722 ,-,993 ,1.766 ,2.929 ,623 ,1.120 ,1.755 
Daimús,0.66,7.63,-2.78,1.436 ,-,-,-,1.071 ,1.658 ,-,-,1.016 ,-
El Puig de Santa María,-0.19,-2.81,3.56,1.714 ,-,-,-,-,1.925 ,-,-,1.228 ,1.967 
Gandia,1.53,2.87,5.90,1.217 ,1.515 ,2.255 ,-,783 ,1.574 ,3.156 ,589 ,986 ,1.766 
Godella,0.56,1.30,-4.65,1.594 ,-,-,-,-,1.551 ,-,-,1.064 ,1.726 
La Pobla de Farnals,0.59,-1.10,-1.61,1.462 ,1.717 ,-,-,906 ,1.681 ,-,-,1.012 ,1.521 
La Pobla de Vallbona,2.41,1.56,5.59,1.229 ,-,-,-,835 ,1.488 ,-,629 ,1.169 ,1.388 
L'Eliana,-0.55,-3.08,2.70,1.608 ,-,-,-,-,1.911 ,-,-,1.381 ,1.565 
Llíria,1.08,1.39,1.31,975 ,-,-,-,824 ,1.332 ,-,629 ,937 ,1.246 
Manises,-2.12,-3.22,1.31,1.090 ,1.036 ,-,-,861 ,1.354 ,-,-,1.016 ,1.330 
Massamagrell,-1.63,-0.39,18.12,1.079 ,-,-,-,782 ,1.505 ,-,-,959 ,-
Massanassa,-2.85,-11.27,-0.03,1.113 ,-,-,-,787 ,1.447 ,-,-,959 ,-
Miramar,0.38,-1.90,6.58,1.117 ,-,-,-,999 ,1.415 ,-,-,870 ,-
Mislata,0.11,-0.23,3.86,1.308 ,-,-,-,1.009 ,1.466 ,-,-,1.226 ,-
Moncada,0.79,2.88,-1.02,1.152 ,-,-,-,915 ,1.351 ,-,-,1.070 ,1.377 
Montserrat,-1.57,-0.85,6.81,1.018 ,-,-,-,858 ,-,-,-,906 ,1.302 
Náquera,0.03,0.34,7.24,1.113 ,-,-,-,871 ,1.404 ,-,-,1.053 ,1.215 
Oliva,0.49,-0.18,3.48,1.343 ,1.592 ,-,-,762 ,1.791 ,-,576 ,970 ,1.992 
Olocau,-1.67,-,-,978 ,-,-,-,802 ,1.414 ,-,-,932 ,-
Ontinyent,1.60,2.62,1.07,796 ,750 ,-,-,654 ,1.212 ,-,548 ,856 ,1.151 
Paiporta,-1.09,-1.88,-6.65,1.204 ,-,-,-,790 ,1.536 ,-,-,1.056 ,-
Paterna,0.66,3.69,11.18,1.453 ,-,-,-,911 ,1.549 ,-,-,1.151 ,1.660 
Pedralba,-,-5.27,5.44,838 ,-,-,-,830 ,1.253 ,-,532 ,834 ,-
Picassent,1.54,2.46,11.01,1.039 ,-,-,-,794 ,1.244 ,-,605 ,944 ,1.453 
Puçol,0.13,-4.33,7.06,1.357 ,-,-,-,718 ,1.484 ,-,-,1.030 ,1.863 
Quart de Poblet,-2.59,-1.88,0.18,1.115 ,-,-,-,824 ,1.424 ,-,-,1.105 ,-
Requena,-,-14.62,-4.23,780 ,-,-,-,736 ,-,-,549 ,849 ,-
Riba-roja de Túria,1.34,1.52,6.40,1.238 ,-,-,-,901 ,1.387 ,-,-,1.096 ,1.446 
Sagunto/Sagunt,0.95,1.77,-0.34,1.058 ,1.170 ,-,-,802 ,1.379 ,-,591 ,956 ,1.571 
San Antonio de Benagéber,-1.80,-0.80,1.69,1.352 ,-,-,-,-,-,-,-,1.161 ,1.416 
Silla,-2.36,-0.04,-0.12,916 ,-,-,-,776 ,1.239 ,-,592 ,901 ,-
Sueca,0.56,7.55,10.90,1.233 ,-,-,-,892 ,1.555 ,-,573 ,983 ,1.848 
Tavernes de la Valldigna,2.79,10.57,18.08,1.261 ,-,-,-,879 ,1.606 ,-,-,1.082 ,-
Torrent (Valencia/València),1.75,1.16,9.57,1.198 ,1.118 ,-,-,836 ,1.553 ,-,593 ,998 ,1.375 
Turís,4.47,9.64,10.98,986 ,-,-,-,811 ,-,-,-,886 ,1.186 
Valencia,1.67,0.72,3.60,1.956 ,1.424 ,3.145 ,-,1.013 ,1.766 ,3.232 ,-,1.341 ,2.704 
Vilamarxant,-0.20,2.37,1.94,939 ,-,-,-,894 ,1.395 ,-,592 ,867 ,-
Xàtiva,1.98,-0.99,13.94,999 ,-,-,-,791 ,1.405 ,-,597 ,989 ,1.360 
Xeraco,2.61,15.95,22.32,1.593 ,-,-,-,805 ,1.764 ,-,-,1.046 ,-
Xirivella,-0.03,0.74,7.73,1.043 ,-,-,-,903 ,1.301 ,-,-,923 ,-
Arroyo de la Encomienda,-0.91,-0.25,-14.62,1.305 ,-,-,-,-,1.648 ,-,-,913 ,1.335 
Laguna de Duero,-7.66,-17.81,-,1.121 ,-,-,-,1.024 ,1.478 ,-,-,901 ,1.079 
Medina del Campo,-1.45,-4.79,-,814 ,-,-,-,698 ,1.194 ,-,-,858 ,-
Valladolid,1.76,4.11,7.02,1.683 ,1.435 ,2.704 ,-,973 ,1.760 ,3.232 ,-,1.288 ,2.125 
Benavente,-1.29,-1.18,-,817 ,-,-,-,760 ,1.196 ,-,-,861 ,-
Zamora,0.65,2.24,1.27,1.284 ,1.120 ,-,-,909 ,1.579 ,-,605 ,1.123 ,1.560 
Calatayud,2.31,-,6.26,882 ,-,-,-,764 ,1.271 ,-,-,-,-
Cuarte de Huerva,2.42,3.17,-6.14,1.352 ,-,-,-,1.035 ,1.685 ,-,-,978 ,-
Utebo,-,-6.41,-,1.363 ,-,-,-,1.060 ,1.619 ,-,-,1.177 ,-
Zaragoza,-0.47,-0.85,1.00,1.684 ,1.340 ,2.431 ,-,1.085 ,1.880 ,3.037 ,-,1.155 ,1.992 
